Class,Precision,Recall,F1 Score,Support
glioma,0.9933774834437086,0.9933774834437086,0.9933774834437086,151
meningioma,0.9877300613496932,0.9877300613496932,0.9877300613496932,163
notumor,1.0,1.0,1.0,198
pituitary,0.993006993006993,0.993006993006993,0.993006993006993,143
