Class,Precision
glioma,0.9933774834437086
meningioma,0.9877300613496932
notumor,1.0
pituitary,0.993006993006993
